image name,sharpness,brightness,snr,cnr,contrast,rms contrast,label
ISIC_0149568.jpg,207.1041601303704,0.849423543936093,8.913757527135914,2.027594017255161,34.42885858731347,0.07499986681971521,1
ISIC_0188432.jpg,190.42423172344314,0.8014891938997821,6.786805632446081,1.9507283028962168,42.88192423011668,0.1008448057497972,1
ISIC_0207268.jpg,273.90081682566534,0.8744065649963689,4.489659419122342,3.1834613697384984,82.54504957659901,0.12148054135534551,1
ISIC_0232101.jpg,51.18840120262003,0.5095695134350036,5.372436824273233,2.881266499411574,42.59400130123578,0.0341848383435007,1
ISIC_0247330.jpg,182.29223910320982,0.8532043137254902,8.051635487031316,1.9614577836382545,38.56325380001803,0.09003611752076802,1
ISIC_0250839.jpg,111.15761910802469,0.6935430936819171,11.468490433542796,1.5740671839617149,17.795730086902353,0.04660900497940598,1
ISIC_0272509.jpg,80.61839393381345,0.8377012636165577,3.5761937177269987,3.463349820448464,91.07059415194516,0.09096524972823987,1
ISIC_0273046.jpg,50.744221222222215,0.7816936964415396,3.694690969143775,2.4117046050653643,56.772508167428256,0.09493736992993207,1
ISIC_0274382.jpg,49.49711997222224,0.5938083660130719,3.217388610876721,3.4451312369194125,58.64660203771209,0.11841666908786211,1
ISIC_0275828.jpg,75.74084417689988,0.8673882352941177,9.106012510112341,1.8903970921673288,37.90448131942742,0.09159098079254079,1
ISIC_0280912.jpg,283.793318257284,0.6382734785766159,3.427646924684517,2.062397931118403,56.63876314781619,0.10403825229478232,1
ISIC_0286360.jpg,190.48035524691358,0.6489967175018155,6.636915802011692,1.91486362668415,32.693943896779146,0.07695609165471178,1
ISIC_0327406.jpg,86.81036749294925,0.6960050108932463,2.5746274809075302,3.4533290867181936,87.19883553979739,0.1401773317115007,1
ISIC_0333091.jpg,120.88863596146777,0.6648339724037764,4.59782797231844,2.5200913163796685,52.209941671400586,0.07510175664235656,1
ISIC_0337631.jpg,14.653084820727019,0.6625124618736383,13.719385562452418,2.770623488948436,25.055208540302672,0.020142923630251323,1
ISIC_0351666.jpg,160.596440094321,0.5977209731299927,3.0295236025991827,1.904245495887172,50.92565797556544,0.12029833205336257,1
ISIC_0369831.jpg,67.06951851500685,0.40674178649237475,1.3668853987742957,3.584258987715853,76.98522681789196,0.16031398672708608,1
ISIC_0489267.jpg,174.0540050335254,0.6919047930283224,6.816162097550424,2.7572358284401894,40.48571887419307,0.08350288210813835,1
ISIC_0502582.jpg,601.1230619816737,0.7312356572258533,3.9491122158862635,2.303927804447737,67.49537563361743,0.15514261654267303,1
ISIC_0504165.jpg,329.64121473765425,0.6905853885257807,2.4834519640912682,3.5753521957621026,104.81545872340429,0.18246290936509083,1
ISIC_0528044.jpg,137.60560622172846,0.8667426579520697,7.680034212492907,1.6542641969625596,33.56136800172422,0.08063435505922571,1
ISIC_0533122.jpg,128.12332361973935,0.7451423529411765,6.732038059005901,1.9278121325795858,40.41985449387309,0.09140107298491562,1
ISIC_0559335.jpg,26.922072569533615,0.5491492229484387,6.39787476776705,1.9049065802298446,28.679102748765047,0.06254276758279738,1
ISIC_0572205.jpg,114.47375878978053,0.6254483369644154,4.528974878052032,3.9101885321678886,66.84533882831546,0.11698258778562884,1
ISIC_0599605.jpg,405.27352578962956,0.7920049818445897,5.775513398715394,2.0268992414928957,50.95294343441313,0.1146916326607644,1
ISIC_0624498.jpg,51.109058868093285,0.41264027596223674,1.6573278879845077,3.8688237343709746,73.89813645064369,0.14011599859460816,1
ISIC_0639769.jpg,170.59459628311384,0.6636867538126362,9.345546029693363,1.6679489915212904,21.36963875875705,0.04570245639652631,1
ISIC_0645454.jpg,79.40122855932785,0.6695868845315904,6.88942884979441,1.870712273565615,34.08364886186257,0.07916313812842576,1
ISIC_0647224.jpg,246.44720103945127,0.8019431663035584,2.53958514996839,3.459527268618613,115.7210289373499,0.17574590400517096,1
ISIC_0662000.jpg,15.809585121755832,0.6881655628177197,5.88423071383334,2.2538517780029625,46.184127051542134,0.10162291749411807,1
ISIC_0744013.jpg,190.78637461728394,0.6694291793754539,4.8455701007419485,2.0607672352241804,41.509569746216044,0.09841449557404382,1
ISIC_0779920.jpg,64.08446292728395,0.8243716049382717,5.948991080990367,2.730748609934758,65.0683946565149,0.12738723018490739,1
ISIC_0833889.jpg,53.09525440986284,0.8384647930283224,5.339121657360247,2.9166661793098854,57.81736563866002,0.10184461164147872,1
ISIC_0844312.jpg,83.01730198469136,0.7355985620915032,10.011655757432623,1.7218820170867137,23.333902993433526,0.03447510279068841,1
ISIC_0862745.jpg,170.1121320164472,0.7965022222222222,6.665587549602558,1.7720506420158237,38.366978585796716,0.09211443010486482,1
ISIC_0911264.jpg,108.84374707270231,0.7560465795206972,2.1776643975540493,4.474424794692969,133.87349054093403,0.2029059665224392,1
ISIC_0914168.jpg,34.755544423580254,0.7427227015250545,8.700295075455669,2.214522063159366,29.74934788579597,0.06879743286241329,1
ISIC_0924427.jpg,127.16721110776412,0.7790288743645607,3.456469983109108,2.2055258712234154,70.80408533078817,0.1579341601875773,1
ISIC_0946787.jpg,29.39542961377229,0.8759667828612927,3.446185557710037,4.1837645441176825,104.54051830404711,0.1140172154661907,1
ISIC_0952472.jpg,113.12173925617284,0.6542710820624545,5.604376170475728,1.7241606919948393,33.20379461102222,0.07928045764845777,1
ISIC_0953317.jpg,145.0446119275583,0.727518315177923,6.74737048738729,1.9143992443489097,37.35318975154635,0.08349678695555734,1
ISIC_0961235.jpg,73.36631997222221,0.6977641103848947,9.533604370756771,1.9012844618750704,27.096877249745148,0.06341665368794086,1
ISIC_0981639.jpg,77.01535730961594,0.6271343645606391,2.3379384541978294,3.2511355639626665,79.02344899178709,0.12179912854366076,1
ISIC_0986600.jpg,3241.0941252196294,0.5662044444444445,1.6642597950848341,2.8348084655323214,101.88158785973914,0.21123002837529073,1
ISIC_1009042.jpg,22.816528188957474,0.8515862890341322,11.783432842972728,1.9229998926680554,27.977371911281978,0.06485935470452563,1
ISIC_1037315.jpg,109.62884522950617,0.7682780973129992,5.359410309942697,1.877084938092929,49.897558662856994,0.11960269717591052,1
ISIC_1068686.jpg,84.8954240587654,0.796620232389252,5.7497285139215535,2.1914996444191384,53.04519713610668,0.11576785043406311,1
ISIC_1071355.jpg,161.35991553135804,0.7106779811183733,7.612862991559725,1.8097214448533154,30.906146474004515,0.07534491149755052,1
ISIC_1110583.jpg,64.5744462682579,0.861352795933188,3.4147944620088326,3.331007952576887,109.6947126274856,0.15394501757585885,1
ISIC_1113490.jpg,88.67172576624142,0.6304083660130719,6.337055697121491,2.1139899767253905,35.889535194346905,0.08437904162017212,1
ISIC_1116483.jpg,140.3548406096571,0.8043934931009441,5.40273337342817,1.9228781436387388,44.89553327748645,0.10813843574179059,1
ISIC_1124434.jpg,67.22208337333332,0.7795969498910675,7.054029314558827,1.8931075279296528,41.07654584094033,0.09232610731840393,1
ISIC_1132496.jpg,432.79237104459537,0.7054224691358025,5.619807537729797,1.865472606616492,43.45944488688784,0.07844848111604409,1
ISIC_1157032.jpg,36.432822182222225,0.6698258968772693,10.5755663452563,2.659538514555754,30.980387388955037,0.047240064817683156,1
ISIC_1159891.jpg,260.12005846913576,0.7635907044299202,5.9914398689118284,2.5310341024339014,46.95459505942405,0.09548821273300788,1
ISIC_1162337.jpg,66.75835877957476,0.5730374146695716,1.9367476555953276,2.4310861278949125,94.66517435095685,0.21186886788149742,1
ISIC_1177153.jpg,140.54578875982168,0.6678363543936093,3.6866158249051755,2.954436255489891,62.580268924944406,0.061952747311535994,1
ISIC_1177505.jpg,42.64277616777778,0.7802104284676834,5.840404488703569,2.213014886814892,51.08216569640655,0.11228754035803558,1
ISIC_1200192.jpg,1482.2461649604386,0.7361820479302832,3.668694058587974,2.199195807868628,69.95909154032941,0.13139679899594703,1
ISIC_1210011.jpg,238.0156829968587,0.8021697022512708,5.101219017206942,1.97234700663382,55.874892692333304,0.1055213409363101,1
ISIC_1231419.jpg,49.97160903537723,0.5757703413217139,3.516880010094747,2.342360874332719,54.20427382749243,0.08622083036542683,1
ISIC_1241817.jpg,114.31700637037036,0.8311563253449528,5.971679816756149,1.957649999630995,42.686061411391506,0.0939106480466794,1
ISIC_1247683.jpg,202.35854149113854,0.8639021786492375,5.5755839114492804,1.8027314122249465,50.77838756610191,0.12560791552216155,1
ISIC_1255336.jpg,88.51585882463648,0.6302309658678287,12.243066369068739,1.38097908755823,14.589148253759191,0.03347833479453052,1
ISIC_1330008.jpg,43.98437694615911,0.8773081626724764,3.8647115815897934,3.2115334597572196,77.09033561219987,0.08480524256065249,1
ISIC_1356715.jpg,45.030345117969816,0.9318514161220044,2.295228403816732,3.7891149418778958,120.7560517827141,0.10672523640473265,1
ISIC_1369967.jpg,603.4529421752538,0.8975744081336239,2.609436732935866,2.4116642137843467,97.55671520669631,0.14656971635872793,1
ISIC_1375476.jpg,82.62342579148148,0.695396223674655,3.3235411668899215,2.5419559131703573,78.35902595126943,0.17379079200686434,1
ISIC_1388552.jpg,324.829839164321,0.8408265214233842,6.010602957075511,2.0870101791693725,55.76452008296235,0.1194750275770854,1
ISIC_1393771.jpg,231.69799897710564,0.49811511982570805,3.67777307153137,2.0635218813924863,36.09462681128274,0.07995192146918093,1
ISIC_1412843.jpg,57.252260863155,0.6755169644153959,3.15617039440727,1.8744415193236834,67.10583387079122,0.1492420134826671,1
ISIC_1440985.jpg,87.6342316378052,0.8702732752360204,5.585487613083055,1.920135689808673,57.00194252338781,0.12777041263172897,1
ISIC_1460932.jpg,24.703665767681755,0.9525661002178649,2.381978777752952,2.0523722727939973,95.36184459520882,0.0711440499246757,1
ISIC_1473522.jpg,55.6637122902469,0.8856770806100217,4.020503094874511,3.572146036071333,91.14272694312709,0.14998516288808192,1
ISIC_1474461.jpg,286.2118142878464,0.4417947567175018,3.4012716184572347,3.4084730146546454,56.31299182208391,0.11903315597833809,1
ISIC_1484659.jpg,110.28015680657064,0.7511987944807553,6.402293555892121,1.9092308901891568,39.3581641308937,0.08813408921006648,1
ISIC_1566428.jpg,230.07654795714677,0.6632935802469135,6.281250833321016,1.9945808252132844,39.89422984176534,0.0878241917051782,1
ISIC_1569119.jpg,35.31408887961591,0.9509356427015251,10.510901477520552,2.069960988454668,30.001248816633222,0.06339127903711647,1
ISIC_1589997.jpg,75.78196667422496,0.7952704865649963,5.814654557063325,2.0613669898598017,50.13747134238562,0.11091746399721583,1
ISIC_1605629.jpg,112.0885875621262,0.7836417283950617,15.110833679860578,1.442292163990319,15.25594282877259,0.03788900248564095,1
ISIC_1616031.jpg,279.1925844477229,0.7113849237472767,3.003411601062241,3.8020518352810324,100.65655163168589,0.1567657537113197,1
ISIC_1620401.jpg,56.28195961541839,0.6769832824981845,6.481374787438632,1.9009527245830788,39.50916281221157,0.0936324673513899,1
ISIC_1630301.jpg,26.65036550506173,0.6784684095860567,5.575592500512876,2.7793912469810853,52.05754554314662,0.05143256839187009,1
ISIC_1654342.jpg,137.33546036098764,0.680162381989833,4.056217720876251,2.372169860460629,63.232381701673276,0.11801602097323236,1
ISIC_1684127.jpg,329.3212651908916,0.6809052723311547,2.6209207377261157,2.3137208404887244,81.80844852508201,0.16894772997479574,1
ISIC_1698942.jpg,134.86755999768178,0.5955108206245462,4.944532892345824,2.0221332770225664,41.574878269610736,0.0983732281631169,1
ISIC_1706912.jpg,218.96305184521262,0.6555784023238925,4.385723278034098,3.2795674111772293,62.29986524869585,0.11932324536081189,1
ISIC_1728564.jpg,38.810302022002745,0.34925025417574435,0.5267584589642522,3.125923114291175,129.23337998605732,0.27463328206654564,1
ISIC_1729223.jpg,104.42801657481483,0.7219633405954975,4.287933766596363,1.7885414437352327,49.223306689325454,0.10280170122832219,1
ISIC_1752943.jpg,34.458171733209866,0.5890842120551925,6.907720878069314,1.9359200965219039,29.085309004605776,0.06628053846672374,1
ISIC_1785627.jpg,93.45909628554185,0.6174375889615105,3.752866492713012,2.6835602763876003,64.9460233967109,0.13564086262656308,1
ISIC_1797795.jpg,1201.9653255900682,0.6887698039215686,4.128371962382214,1.8668077422114595,51.07255628157927,0.11340273996893749,1
ISIC_1834920.jpg,84.51874759636486,0.7492337545388527,3.0968470242715638,2.2073426298531613,77.94283292167745,0.175326390711935,1
ISIC_1866770.jpg,142.86975135253772,0.8575594335511982,6.037106577195724,1.3535686186726559,28.71331225053072,0.06948718374029542,1
ISIC_1870415.jpg,129.1797068069136,0.7906598257080609,6.459298590041312,1.646660506374324,36.08565073997491,0.06581168711720166,1
ISIC_1881133.jpg,249.5721249211386,0.7631664052287582,10.404218563098343,1.7931642675012929,28.15406599479715,0.060987738759844444,1
ISIC_1948545.jpg,493.8995666128394,0.8173677414669572,5.895512219222686,1.9217283954524562,48.91292349767784,0.11490416374401424,1
ISIC_1952749.jpg,704.7955571550616,0.7479453304284678,2.692818968954093,1.9531824379119465,62.6073311533834,0.11959575517520127,1
ISIC_1956504.jpg,70.15775088854595,0.6366971822803196,14.792227611940424,1.2104732093581037,10.578561926739468,0.026467943971102897,1
ISIC_1959939.jpg,21.160843614320992,0.6482121423384168,9.730318483370192,1.7980125617807554,19.536833382097583,0.04585086981361236,1
ISIC_1968421.jpg,58.02169935406036,0.713295177923021,10.883597649213812,1.858614489079806,21.79784546232206,0.04813930590836949,1
ISIC_1975042.jpg,212.80420160389573,0.6672683079157589,4.262329577445803,1.8296721996359449,46.84713553757031,0.09739253489258327,1
ISIC_2027582.jpg,61.384262868463644,0.4312243137254902,3.124543885183448,1.875089804984659,32.618177485904525,0.07999725051543005,1
ISIC_2033237.jpg,41.01257741777778,0.7124261292665215,4.623962068135518,2.3534720651413745,45.287460648021124,0.10149643233211143,1
ISIC_2071966.jpg,123.52672801370372,0.6869760203340596,5.323272996327766,1.9632195359214788,43.80359411538173,0.10081210968278041,1
ISIC_2072219.jpg,16.191760331358022,0.5769409731299927,8.538689026938126,2.9274095470635397,35.55914184619215,0.03288959892203232,1
ISIC_2077116.jpg,84.05917818895746,0.7950543064633261,4.719849150662596,1.9499717042399973,56.96676573312661,0.11604823302462618,1
ISIC_2101624.jpg,45.44410989163237,0.8044233260711692,7.280423993648735,1.9901902941423362,41.24828771352355,0.09374832985307097,1
ISIC_2105563.jpg,20.935699540617282,0.6105481336238199,5.7390607380882015,4.387002826639363,64.10091654574767,0.022272746034001315,1
ISIC_2141237.jpg,59.1859212148011,0.6313619607843137,4.967841693891538,2.02928339384681,35.401919256948915,0.08021138497566214,1
ISIC_2153401.jpg,216.27509787237312,0.5282547276688453,6.795042054251287,1.8984992880997107,27.792240326528443,0.061395917016528266,1
ISIC_2153686.jpg,221.08111803369,0.6817578068264343,6.916430264721548,1.5925519995705302,27.987922877325047,0.04592007284948222,1
ISIC_2176112.jpg,113.93970921370368,0.8835581844589687,9.34149826803441,1.9223639649319597,30.864092796338298,0.07198360680591417,1
ISIC_2182856.jpg,319.39737707714676,0.5508576470588236,2.2991764234100964,3.0713945170944346,68.4685312500444,0.13119666579976758,1
ISIC_2200197.jpg,439.24903672010976,0.5587228031953523,3.657110062031085,2.150246294543895,48.90027322428813,0.0946043881955375,1
ISIC_2212473.jpg,366.74938366681755,0.5448032098765432,2.098411061464518,2.2849943245977724,70.2249090232915,0.15315008137372774,1
ISIC_2221217.jpg,798.1061181450617,0.8069754248366012,3.794860271728932,1.7750968061089423,63.15707160147275,0.13573550399308656,1
ISIC_2232442.jpg,563.3271120408093,0.7886139433551199,4.193371489455515,1.830615671748848,54.65216098048222,0.12416972345919632,1
ISIC_2255411.jpg,49.01514069135801,0.6533462309368192,3.970205683494112,2.3265525814008177,45.019121838649,0.0704421392409148,1
ISIC_2268341.jpg,180.05167906150896,0.616886681190995,6.78762498517824,1.6339369504928372,28.89118529360408,0.07226932646448822,1
ISIC_2272218.jpg,148.4187625922497,0.7942758750907771,5.855369101581199,2.2123338521520632,47.806968256693025,0.09247478164007185,1
ISIC_2306349.jpg,853.1038605754594,0.7978339433551198,4.86377786511809,1.7911419372509012,45.20097693110178,0.11234460023711969,1
ISIC_2309744.jpg,1256.7160665402469,0.5919759912854031,3.190753867417051,2.949864379969134,61.55580242563914,0.09956614588781702,1
ISIC_2311665.jpg,81.38554429727023,0.6610288598402324,2.8148406933430814,1.9847023120531484,60.81408050553996,0.1454960230401705,1
ISIC_2320481.jpg,46.345618456941025,0.6889642120551924,4.500417565113102,2.593901626622528,44.11911429030651,0.08232572990251273,1
ISIC_2337907.jpg,90.0222936591358,0.23166033405954975,0.7981377684731866,2.340590533032236,57.2525191416954,0.13161878419142856,1
ISIC_2341875.jpg,635.550562820247,0.8080112854030501,3.5501772821251967,2.5894772599967535,89.47512186245089,0.17115005054050683,1
ISIC_2342769.jpg,135.5712400462963,0.6842351198257081,11.533651935839094,1.3153969451693976,14.610034257765136,0.03726583139728069,1
ISIC_2351999.jpg,64.85522002138545,0.5499318228031953,5.0535341264050615,1.9092105929629086,32.55622133157513,0.07947166836107022,1
ISIC_2358454.jpg,234.00189827155006,0.6635953376906317,3.705734059162343,1.8790790259976449,45.47836285821177,0.11121072122826785,1
ISIC_2364150.jpg,133.97540991735258,0.7088020043572985,6.445551792867794,1.9174420953020193,30.961434099115564,0.06812373267060061,1
ISIC_2406492.jpg,198.27394296459534,0.7858256354393609,3.9802927154460597,2.1871542338587533,69.69135016459056,0.13121066215744487,1
ISIC_2408815.jpg,533.7109184965708,0.6643849092229485,4.748546091981445,2.3370791569475076,45.96465649077123,0.09837232710873518,1
ISIC_2412113.jpg,129.68562486469136,0.7073472476397967,3.0554720552112,2.8561458039276024,84.91599105651743,0.10470948896258704,1
ISIC_2437633.jpg,81.21953343072703,0.8372664923747277,6.0635472559802315,1.9938292233562278,48.161131590855405,0.09390602740682916,1
ISIC_2447578.jpg,107.82908063648831,0.7465225417574438,5.131261397954692,1.9467461162270854,45.75083171703483,0.10142914221899094,1
ISIC_2448123.jpg,275.62843149134426,0.8690955846042121,5.661170372969633,1.7307978066831315,46.83920879964208,0.10756567949145024,1
ISIC_2481044.jpg,51.34762779209877,0.6779432244008715,2.071087606884144,4.638720337066759,102.64441471933928,0.17774285242492152,1
ISIC_2525084.jpg,116.50612956805213,0.5527518954248366,4.408873238263804,2.575090336078241,44.51670608828306,0.0990107771269135,1
ISIC_2535541.jpg,193.96759950172844,0.7950841684822078,4.700622612700446,1.8769326895127276,50.07900426962233,0.11109040854277238,1
ISIC_2565206.jpg,511.58320332113846,0.5017649963689179,4.503026520168314,1.950236556745076,35.430148709044005,0.08149939694280274,1
ISIC_2607827.jpg,620.7388783285458,0.8274926652142338,5.325923703881602,1.963121611519989,46.85246554115561,0.10188150751499593,1
ISIC_2609984.jpg,23.70107693037037,0.6152765432098766,7.436353354908858,3.0984833792308497,42.278490409843556,0.04483883373315589,1
ISIC_2637608.jpg,54.711188807558294,0.759012795933188,5.491128348254344,2.2323735863321152,58.97032593112718,0.13262103286697566,1
ISIC_2646829.jpg,186.09127011111107,0.6890550326797386,7.3801261617452685,1.752267562325203,30.474506887146788,0.07373968740996034,1
ISIC_2668481.jpg,89.66481886352541,0.7142662599854757,7.664069743585874,1.8239850698756148,31.361277088124922,0.07196823264360613,1
ISIC_2685593.jpg,62.68278375879286,0.7993505591866377,5.535542137510539,1.7598730567583258,44.565849336211244,0.10772966704450114,1
ISIC_2697083.jpg,140.03079242052124,0.6987995497458243,9.37656009232322,1.9873523461369216,27.500049689034483,0.06223922919640616,1
ISIC_2700320.jpg,55.635001060068596,0.7523780537400145,2.5283435196471835,3.2778333493560856,84.70130619859744,0.15182132651197575,1
ISIC_2720971.jpg,76.64861446364883,0.7159208278867103,3.1954655789298045,3.523073021225096,71.97215077279112,0.1063981244769498,1
ISIC_2724529.jpg,56.27693622117969,0.6881302541757444,7.406948673301438,2.9731658137273365,43.59188301457348,0.0678302581658679,1
ISIC_2739449.jpg,160.09422380109737,0.713746158315178,3.3628702402065285,1.9506963987471897,63.64509667793929,0.14109172466729258,1
ISIC_2750230.jpg,413.07857996987644,0.7362925054466231,2.812832793529246,2.01064012506874,70.91306219669953,0.13418399422704105,1
ISIC_2757355.jpg,218.0428589917147,0.6739494553376907,7.708699395650153,2.0291797226093675,35.04781343597767,0.07926970586199233,1
ISIC_2776906.jpg,370.74988331740735,0.810599535221496,2.782831126279365,3.2298097802168426,112.96698795492556,0.1946787534660101,1
ISIC_2787702.jpg,269.67237023010983,0.8091828031953522,6.70658010422471,1.7332185928534112,36.24928852771694,0.08272079266077018,1
ISIC_2797353.jpg,123.17126417728396,0.6713843427741467,4.362082772579587,2.0470732564030274,45.46180491402663,0.04481979314491704,1
ISIC_2822718.jpg,99.42809036728394,0.8125358605664488,6.103549747972608,2.0822098341852646,50.57631049149546,0.10855958963422106,1
ISIC_2823287.jpg,205.07877737854594,0.7476590268700072,12.288121257901746,1.5686004040913533,18.555755808994547,0.04581367326839886,1
ISIC_2837581.jpg,31.948192275665292,0.5585627305737109,4.153955625863216,1.7217314042122047,28.284335831382478,0.07125466177328127,1
ISIC_2844539.jpg,116.62095355851851,0.5483659694989107,6.112839196632195,2.2659259357919384,36.18865336355789,0.07947428565170091,1
ISIC_2871230.jpg,774.7913999032099,0.9038332171387073,3.3664157268146946,2.451704947475069,89.5270528505324,0.1435733209042848,1
ISIC_2895555.jpg,364.6141921579698,0.603841510530138,2.738793575660749,2.8313145812570366,59.025061385168534,0.11008352014821154,1
ISIC_2937642.jpg,39.42500034259259,0.883912331154684,2.449310041502707,3.4256306525001605,129.52638866556225,0.14849320191778434,1
ISIC_2957732.jpg,99.00548517792865,0.6964845025417574,2.549188059290653,3.672326605680829,86.4433536563845,0.09246904640628745,1
ISIC_2967024.jpg,115.80116019257885,0.7233156572258532,6.720387987584769,1.9379549451296414,38.15533869543577,0.07941846070839376,1
ISIC_2974214.jpg,99.50761001249656,0.7145227886710239,11.99911945318723,1.928156130421889,24.02793007332096,0.052356267990531426,1
ISIC_2975580.jpg,267.1486201995061,0.5213144517066086,3.5646293222097163,1.906956571824249,40.73170862012178,0.07515340695502684,1
ISIC_2979268.jpg,104.43466614209872,0.9314555265068991,5.861364021184998,1.8228279126557994,50.971155470547586,0.10672591886853001,1
ISIC_2987613.jpg,621.5104592276542,0.663176862745098,1.6674783882506317,3.432716795315055,118.9409043740472,0.2333911900935299,1
ISIC_3002956.jpg,933.1644743927437,0.7722854901960784,3.4377717958678895,2.2677145675887935,73.55863766618806,0.15788109939853298,1
ISIC_3009877.jpg,1329.691298812497,0.937820697167756,2.6411097459494197,2.8177337464099166,118.00185642309445,0.18065447581188135,1
ISIC_3023646.jpg,151.15257713777777,0.753819709513435,11.359343645630334,1.5189384282222993,18.09917199689494,0.04464595580082093,1
ISIC_3025889.jpg,144.01248885179697,0.6658789832970226,10.460982720712948,1.6402952904344352,19.686074356207726,0.04200336486079371,1
ISIC_3028754.jpg,87.3597715022085,0.6485923892519971,3.3267845659485293,3.4111455950243337,72.3673047718565,0.13812148778802927,1
ISIC_3065032.jpg,153.13707677097386,0.7157288598402324,11.775084683368625,1.5806660526856016,19.19018071257213,0.04921050805013403,1
ISIC_3068885.jpg,62.115825856776425,0.4179496296296296,3.032807658241418,2.082190967469623,37.112794452732395,0.08612825931829604,1
ISIC_3084312.jpg,38.66745921311386,0.6740738852578068,3.095637680470092,3.4895282033674637,77.34766293453424,0.15607524446611032,1
ISIC_3093026.jpg,941.5407926013581,0.7821321713870734,5.191879133739561,1.8517120518455796,41.92987770146844,0.08087154355854084,1
ISIC_3097354.jpg,561.4676528411386,0.826655816993464,4.555971197524522,1.8993335851935222,60.5710315973042,0.12828076807485714,1
ISIC_3144222.jpg,731.7777794343485,0.7302879302832244,5.161013835627372,1.84474422296448,43.83514784033787,0.09931709469634205,1
ISIC_3159924.jpg,93.07793888307275,0.7074074655047204,6.839101025290267,2.0943251665919687,30.992884868436263,0.06394333595760522,1
ISIC_3203344.jpg,101.38979219950616,0.8447507480029048,4.564002716404113,2.2924895894048434,61.6887837114553,0.12209385054836522,1
ISIC_3207651.jpg,428.79136276126206,0.7586175308641976,5.46750373105107,2.2682698803012875,53.445473801310754,0.11393741000329098,1
ISIC_3241636.jpg,42.78923970336078,0.48966120551924475,3.108057242687144,3.1827905972475046,64.68916379765368,0.13527263360850753,1
ISIC_3244067.jpg,124.4525413165295,0.7467965141612201,4.851722130370162,2.017333051243308,48.2855232506906,0.10786418639994413,1
ISIC_3253484.jpg,75.16408600224968,0.679057908496732,5.395298687524122,1.9269291303813654,41.92915753451014,0.091130136296486,1
ISIC_3286186.jpg,901.7783477920989,0.659934829339143,2.5915427452086215,2.811271342959749,87.61731171031006,0.19118129806428524,1
ISIC_3301933.jpg,249.76614556438955,0.9363168917937545,10.93316345887285,1.8561567057635,32.29136720621969,0.05815489053833481,1
ISIC_3319229.jpg,57.41692334802469,0.811600522875817,5.412582028506139,2.261020081744435,57.938246389290555,0.12774298456439726,1
ISIC_3338629.jpg,704.5148663155007,0.7526785039941902,1.7145607245289127,2.4782849146644597,94.17926957508904,0.1909024207341428,1
ISIC_3341710.jpg,66.01855058299041,0.22777755991285403,0.5029121645517225,3.8431779161312085,95.55731495491968,0.19142392464711186,1
ISIC_3343475.jpg,578.4010549017286,0.7897680174291939,4.061741625095475,2.0234569650961336,57.149802515706256,0.13011994433805002,1
ISIC_3359880.jpg,273.64515043839515,0.47651651416122004,2.217039363405367,2.7530896503125,63.091041893659394,0.13857286186511125,1
ISIC_3372750.jpg,81.8377975222908,0.6863896151053014,2.4649984102372717,1.8615837530550223,66.09136836016309,0.13479905604349027,1
ISIC_3391427.jpg,145.1463213162003,0.6185385766158316,2.744282108025896,2.0998173308886527,63.3048504332789,0.10120492533561344,1
ISIC_3394520.jpg,156.85067766562415,0.6211150036310821,3.316548572151113,2.2751068833248858,55.87769898598552,0.12779227466513873,1
ISIC_3399306.jpg,116.01992322216734,0.7505166158315177,6.938791198593439,1.840705232612151,36.45361338262509,0.07508736332555639,1
ISIC_3408231.jpg,107.33017479747599,0.7945194625998547,5.691133702913764,1.7065166560709588,38.22841930486402,0.08832051387817128,1
ISIC_3416107.jpg,1231.24223442941,0.7444421350762527,1.8169998899864417,2.9095283426518965,126.97179404445922,0.2416657893660751,1
ISIC_3435596.jpg,300.1269739285459,0.9450625127087872,6.310101177634111,1.795041783870283,50.216295776674,0.09543562826820341,1
ISIC_3436033.jpg,85.3101566857476,0.5967702687000727,6.1981980833167105,1.953458733612736,33.352407137685105,0.07439410400835567,1
ISIC_3440759.jpg,170.46314983965704,0.5723111401597676,3.972227206298807,2.9749789585312127,51.59440646460543,0.11177553261744906,1
ISIC_3446357.jpg,196.17723162710558,0.7375689179375454,4.465297360193591,2.5402293351069307,46.80523226804222,0.08894166960810432,1
ISIC_3464344.jpg,247.91152948969824,0.8598809586056645,4.485174435362302,2.1463981785627557,68.45750732844502,0.09604260218148206,1
ISIC_3475660.jpg,181.14869522085047,0.7489540740740741,7.156730662644638,2.06128041638017,39.61416427839026,0.07504939783369892,1
ISIC_3517311.jpg,140.669532677037,0.7157886419753087,6.770144000461768,2.0405756910713193,40.15187772007789,0.08801315421253982,1
ISIC_3561065.jpg,337.6046453701509,0.6008817719680464,10.290213373135865,1.1878132655856377,14.792549932213944,0.04180717504798696,1
ISIC_3590167.jpg,113.82311401809325,0.5961310820624546,6.063296126137279,1.7404564833815046,26.210840273371176,0.0460802256779877,1
ISIC_3673080.jpg,73.44031448010975,0.8450476978939724,5.122746765865073,1.8911102941083442,55.01772313172344,0.12989385260855843,1
ISIC_3684488.jpg,479.65111933299033,0.843812970225127,5.244482949707098,1.96879162461126,47.865886182562335,0.11068531346047375,1
ISIC_3696488.jpg,59.04622846002744,0.5224210602759622,3.2880210155619105,2.644054987122766,43.94971508934271,0.0745158420648934,1
ISIC_3697702.jpg,77.34675582463649,0.48745497458242554,1.7033241179026526,2.1405998312344616,65.37542508290419,0.1538638135389539,1
ISIC_3733653.jpg,89.68962007834018,0.8174516920842411,5.77136898392575,1.5889699355916136,40.79168035331443,0.09302758572919806,1
ISIC_3738751.jpg,245.21540370303146,0.583377850399419,4.819994510466397,1.929474954394065,40.190919830247324,0.09553433611767824,1
ISIC_3775417.jpg,574.264454864074,0.8916577923021061,2.0196231075564595,3.3738317933244297,123.41498248724304,0.15010868481020825,1
ISIC_3778192.jpg,42.77742762792866,0.8682164996368918,8.387324278987904,2.6950812231054004,42.02015030206428,0.08502961721189857,1
ISIC_3817719.jpg,72.09397982209876,0.5203200580973131,5.049021326076493,2.010507657985383,32.028377103006775,0.07665866552077248,1
ISIC_3821242.jpg,53.829847611303144,0.49963048656499637,2.942447675314923,2.0016665397594413,46.3875842720973,0.11128316303228108,1
ISIC_3824206.jpg,215.13282178677642,0.7193770515613653,2.150054827207553,3.291249705490638,115.6859125614847,0.2314835014348225,1
ISIC_3909039.jpg,51.58892214506172,0.5840868700072622,3.8734322599706137,2.961925855095392,51.01216986389703,0.0655609873752862,1
ISIC_3915890.jpg,174.21193550172845,0.603108191721133,6.7392149883238055,1.7266505159965022,29.19426222733823,0.07204432026549762,1
ISIC_3936223.jpg,55.19895626764061,0.684990399419027,3.700855221944243,3.164479388810758,55.60344277126262,0.10098931138114578,1
ISIC_3941123.jpg,145.53732168689987,0.8279586637618009,5.3722685103603816,2.0274547040088557,47.491035135283695,0.10336591133639912,1
ISIC_3944634.jpg,112.72669155521261,0.7139162091503268,6.568401801345606,1.7380425917959375,34.72684537150323,0.07971912197783083,1
ISIC_3963183.jpg,118.05729515740741,0.716539593318809,2.878106361811586,1.7128896524019306,58.942330023347324,0.05428801888228342,1
ISIC_3965087.jpg,57.379936305061726,0.683413783587509,2.86741522945539,3.2025688810965796,67.84636681370478,0.1278381018192416,1
ISIC_3969411.jpg,25.3102370291358,0.6162009150326798,5.889828266324584,2.0425916355660836,27.368292327558223,0.06414738445159461,1
ISIC_3976496.jpg,155.9482243495062,0.774090167029775,3.0858464908157854,2.2419872631055138,81.81771103493311,0.18897731747884053,1
ISIC_3979826.jpg,125.34843441644722,0.6293860566448801,5.2207842381146365,2.519012530621842,47.1239238364157,0.1005588356851712,1
ISIC_3985031.jpg,117.22266069068587,0.6733337835875091,4.76825406474887,3.3590108234165,61.85982136914217,0.13127716057444375,1
ISIC_3993924.jpg,67.70850227982169,0.683740116194626,5.528122204772767,1.5809810714002426,34.15954731052288,0.07581707617320618,1
ISIC_3996796.jpg,25.14142259747599,0.7905612781408861,3.2273443090258707,2.7692788683270857,93.29139499335274,0.16759864033996622,1
ISIC_4000481.jpg,97.57459393558298,0.8001560058097312,5.709968845576597,2.3242220293529043,54.65286479458152,0.11698440504191387,1
ISIC_4009870.jpg,141.00880612296297,0.5590871314451707,7.945268858762479,1.265534453369549,17.048194314723318,0.040192602354374336,1
ISIC_4012047.jpg,1136.18186738369,0.5296446768336964,1.7676039588045593,3.080567388796898,117.60985787222407,0.2426453274978014,1
ISIC_4120174.jpg,384.2408871698765,0.867467262164125,1.4850412600057705,3.1187551421834407,138.89404175213974,0.1388394196213018,1
ISIC_4163686.jpg,105.27152265920441,0.6997541176470587,9.37016748964181,1.5740933993452126,23.91807995542112,0.060408518164088446,1
ISIC_4170698.jpg,589.7785630913442,0.769698315177923,3.6333668808834245,2.533717974753366,76.3829077327685,0.16368946824627462,1
ISIC_4223155.jpg,186.849441478395,0.7987537109658678,5.098242426522147,2.106326384631696,53.892366235323976,0.11797866024091379,1
ISIC_4229473.jpg,47.51300806233196,0.7747241249092229,6.260315514043401,1.9948017932537772,44.9758799617953,0.1060474545617451,1
ISIC_4230049.jpg,38.93761438222223,0.20920951343500363,0.5053304929657636,2.8230045375295822,87.04492611181658,0.1874464460623969,1
ISIC_4266533.jpg,110.72353331555556,0.720577850399419,11.922663027380262,1.8202250321103561,22.78917281194728,0.05193386000795285,1
ISIC_4276255.jpg,77.56129702052127,0.5301035584604211,6.82905136797273,2.675273584134758,28.70992315370286,0.060987192546576155,1
ISIC_4346693.jpg,102.30742165135803,0.8095590123456791,7.145339559527378,2.146282352630268,34.30448187720755,0.07263984007333253,1
ISIC_4362713.jpg,97.225960135583,0.5821517211328976,1.7951583038674883,4.164243678248621,91.58588954935388,0.15114484354831303,1
ISIC_4377208.jpg,81.18576461891635,0.7423184023238925,4.729206788484072,2.803293642507705,66.94078643040324,0.07401458605643958,1
ISIC_4378189.jpg,174.3223538559122,0.7255516775599128,9.588466581894702,1.8568446322175676,29.222464978792402,0.07021684715301715,1
ISIC_4398011.jpg,70.19166642765433,0.7562356281771968,6.592244548458871,2.062446650506828,33.41044029408232,0.07833223868954908,1
ISIC_4404772.jpg,270.1414598680932,0.8837657952069717,6.622822339530869,2.149502246931297,51.26612281246017,0.09151505693166444,1
ISIC_4408559.jpg,212.91975578469138,0.7909784023238926,6.559672442683612,1.6849892328603377,39.06627385782224,0.09999341942557313,1
ISIC_4425322.jpg,177.85980342319615,0.7946907189542484,2.2979039595756228,3.2039157252049244,95.87039018639759,0.1445313806532849,1
ISIC_4425657.jpg,291.1696756157889,0.7712012055192448,3.8440807371787167,2.2987763872202582,64.73170181193798,0.0952572656676048,1
ISIC_4439054.jpg,208.4468890376406,0.6854327378358751,2.5011731439677356,2.516413557191554,82.48310134335448,0.17084191658709902,1
ISIC_4469476.jpg,50.26255168887517,0.6954817719680465,4.700987186667938,3.411841898163004,59.91086756690419,0.1147634978811288,1
ISIC_4493482.jpg,173.52372086517147,0.7748274074074074,4.303887494726255,1.8712157252775847,51.897034743881036,0.11575854194452989,1
ISIC_4508878.jpg,583.7196249703154,0.8067484241103849,5.227684857572053,1.8248212258866636,48.254805928450935,0.1080649429373734,1
ISIC_4517738.jpg,1039.8577513717285,0.7505937690631809,2.1863542300029803,3.0570359815058237,120.50344590322216,0.25263100349023937,1
ISIC_4523238.jpg,412.85895134089156,0.541253551198257,1.7230856092622981,3.29317868103354,91.5807804356512,0.18601285780494764,1
ISIC_4523382.jpg,197.40370832587107,0.6666130573710967,1.0255455853191515,3.2797768547196275,168.65336414928916,0.3630424665079408,1
ISIC_4525317.jpg,274.0323439078051,0.7962550617283951,6.96603175071153,2.015067203774508,42.3516418334504,0.09696736911792245,1
ISIC_4584265.jpg,63.861025864348406,0.8759969934640522,6.617695279389032,2.0841109316307835,55.596656761176774,0.12315938726624584,1
ISIC_4619789.jpg,121.6930833974074,0.7461415976761075,6.53886188405488,1.8183683120638545,37.22310345192122,0.08351584891012459,1
ISIC_4619903.jpg,55.406500858381335,0.7166712418300654,5.724082223971263,2.060465433155465,43.42162594684662,0.10209161828590847,1
ISIC_4649440.jpg,158.26774850320987,0.6930539288307915,1.6622680684372522,2.865359340411605,103.25113377522646,0.14793093131099352,1
ISIC_4653503.jpg,61.29179845130315,0.7878592302106028,8.827525405400692,1.9577865464194206,36.21667098895276,0.0808517891780994,1
ISIC_4676270.jpg,69.78799249377228,0.7560489179375454,4.023885548372457,1.8711938400341361,53.00900986683949,0.10853083118190751,1
ISIC_4730066.jpg,55.71538325320988,0.6414597240377632,6.378496634850575,1.8272805237591745,35.471403044533574,0.08224703562923419,1
ISIC_4810142.jpg,228.36656819072695,0.6911747421931735,3.717387223839332,1.7430065332098976,52.215871040003464,0.09735422266916624,1
ISIC_4842587.jpg,188.1849809165432,0.774925984023239,5.79107681145166,1.8692780980890946,43.23082825067269,0.09548808582707631,1
ISIC_4851366.jpg,48.97859324751715,0.5526715468409586,4.186868959513341,2.171919039801844,43.05114367197821,0.09474947121015843,1
ISIC_4874581.jpg,123.32437122072699,0.7964021060275962,4.490938387090602,2.0712548033696936,60.95256312329835,0.11783308128942328,1
ISIC_4916704.jpg,125.9357788470645,0.7339644444444444,7.0170378776490825,1.639262992190377,29.78559991163948,0.07670381547110525,1
ISIC_4936662.jpg,53.57066143209876,0.7969120551924473,7.165240333903719,1.92524102419002,40.13574238009679,0.09322733048704754,1
ISIC_4938994.jpg,199.23078050358026,0.6776575744371822,8.396078813889067,1.3233797917889154,22.581949584625903,0.0615217069988989,1
ISIC_4960784.jpg,159.27585823517146,0.8157284676833696,3.9475360672431643,2.394361575343025,77.04144569055532,0.10583779835065206,1
ISIC_4960802.jpg,474.069291634513,0.6024402033405954,2.631375885349358,1.9756983149233105,65.28925274402044,0.15355152647706824,1
ISIC_4967564.jpg,619.230195763937,0.5892522875816993,3.9012413968433086,1.8863642008466943,45.76448017550882,0.10614027527219601,1
ISIC_4967586.jpg,98.72086665876542,0.6957937109658678,7.058781139209637,1.9343204898359267,28.10221170824333,0.05467795879020492,1
ISIC_4980656.jpg,140.3739983051303,0.7818761801016704,6.682375322734717,2.11988015221501,45.52119505711289,0.10652414695007544,1
ISIC_5021861.jpg,577.5842052671468,0.9200174582425563,3.468982720459932,1.978691368952211,74.7441296592742,0.1444022066625857,1
ISIC_5037784.jpg,34.59968441469136,0.7689741176470588,3.6568408294300587,3.0845787331876338,72.15088949137703,0.12345506351497224,1
ISIC_5044438.jpg,133.13103661212622,0.5501201452432825,1.9024638765862514,4.114650170923509,86.83045955600065,0.11948517228768048,1
ISIC_5045600.jpg,105.07302479603567,0.5564459259259259,6.9147584572318,2.0194989453367436,22.030826507968897,0.0458448423357029,1
ISIC_5046082.jpg,97.83939012113854,0.7464976761074801,2.7835375200125467,3.2350238806933658,89.14273048662396,0.18009832534538436,1
ISIC_5084113.jpg,181.21779229580252,0.8096970515613653,4.615720345086631,1.993736380599959,53.52443984610581,0.11931803083077738,1
ISIC_5086349.jpg,82.55101089185185,0.8157650399419027,5.564726760055352,2.0474783299110593,46.74680631960075,0.1035727321385719,1
ISIC_5137933.jpg,124.85801071253775,0.4755084095860566,4.852747017247575,1.7920558281760044,30.98384475846329,0.0766272869945533,1
ISIC_5140952.jpg,157.94329971159124,0.5831286855482934,7.222469385320016,2.1364040480640236,32.338365010867236,0.023465312580917205,1
ISIC_5147292.jpg,80.53984059521262,0.7821441249092229,3.342490671499405,3.92279965365865,91.10818358072076,0.10858466705263438,1
ISIC_5166798.jpg,74.17289418654323,0.6126880029048656,3.517995236415916,2.3449654442438104,61.32239059640476,0.13998042257279042,1
ISIC_5167209.jpg,275.37751864031543,0.8702319099491648,2.6053499398377715,3.0052625293547703,96.71393607927567,0.1043369841843389,1
ISIC_5191344.jpg,80.32230062962964,0.5476842556281772,4.4142835178878626,1.8998066656435582,35.9215703885566,0.08102324251054337,1
ISIC_5216586.jpg,262.63792634024696,0.5194913289760349,4.0120238050829125,2.2331685548198297,45.517181128875364,0.10194917826594926,1
ISIC_5247508.jpg,630.4207402458024,0.77311709513435,1.8033082631895014,3.0644501361281615,122.0075522369871,0.23358221836777107,1
ISIC_5247560.jpg,296.30350818320994,0.6793209005083515,5.592983818554741,1.7961830820378957,34.45362118551428,0.05710567787251834,1
ISIC_5258657.jpg,191.65003697333327,0.7481030210602759,14.014815815179725,1.5371657319828984,15.859435711580971,0.0398533387601948,1
ISIC_5260050.jpg,87.81874813410151,0.6824980537400145,7.225548283123237,2.019607402560131,29.056929688511644,0.06930509024392237,1
ISIC_5267208.jpg,233.53156174209877,0.6652292665214234,4.172416800619906,1.6400688593452248,41.57767507002801,0.06262195875786947,1
ISIC_5272223.jpg,81.67150479932786,0.7642044734931009,7.646830370637395,1.91483200448681,33.96899644109254,0.0783759580334474,1
ISIC_5315062.jpg,47.84176156344307,0.819562498184459,8.281489135518745,2.071481619891993,38.546852588911946,0.08296100460102214,1
ISIC_5331102.jpg,1614.75174173476,0.8035342338416848,3.0233966043934877,2.3541883724582524,92.64760307730639,0.150240426172543,1
ISIC_5343231.jpg,68.63604783401922,0.8033512273057372,5.6031044793414075,2.0276288971906133,49.794957514805674,0.11564873017212565,1
ISIC_5365617.jpg,77.53164133640603,0.8899753086419753,7.759871375566308,2.140086685306216,51.31582212860127,0.12005745795250307,1
ISIC_5369000.jpg,193.90863162401922,0.613284473493101,6.840833272763176,1.3579953261244897,21.05479925411086,0.045994684847031383,1
ISIC_5388184.jpg,278.0141304814266,0.840207785039942,6.337200503498108,1.8814676588620105,39.19834338220298,0.09250161253941805,1
ISIC_5391758.jpg,207.94053864010976,0.8116697893972403,4.559573324927659,1.780109543279369,59.56965704188863,0.1325553598111222,1
ISIC_5415761.jpg,205.74609379286693,0.7939474219317356,5.429537190682079,2.0434200164422127,52.98771139725858,0.12004067401191831,1
ISIC_5425721.jpg,90.90953644925926,0.6029807843137255,10.890145645307873,2.677974301825235,27.018014510234195,0.041257331457554135,1
ISIC_5434661.jpg,75.74769310941014,0.7494963834422659,5.328205164395236,2.596655647868308,55.83408556534836,0.1181669087063996,1
ISIC_5495413.jpg,93.36412963718792,0.7204024836601307,2.719905591602023,2.103171293819128,73.89268067441635,0.11510914219816436,1
ISIC_5527224.jpg,231.14745483620027,0.8278197095134351,2.355435077958458,2.2342871499412666,85.93082349170521,0.1651504377403055,1
ISIC_5533992.jpg,219.48263821294927,0.6248227015250545,4.367795866251947,1.8833402257722038,42.75156947831488,0.10484658799133986,1
ISIC_5561003.jpg,209.5019099713443,0.3271761946259985,0.6651361134991779,3.535968893735077,156.80164221644787,0.32974765078281715,1
ISIC_5576354.jpg,83.60385924521259,0.7103497603485839,4.7587726529411185,2.66094408191319,46.17302899502312,0.09358587574268445,1
ISIC_5581297.jpg,211.21482958024686,0.7438711692084241,4.594352497061581,2.0566617049047338,51.35548057171913,0.10431710484791847,1
ISIC_5581931.jpg,107.56307833283952,0.7987427305737109,5.420209517519322,1.8063380227503205,40.935368358951735,0.09922259392996532,1
ISIC_5602826.jpg,132.64036658105624,0.7213954974582426,2.605763794231608,2.663725343610677,80.88710948034546,0.17945151146293745,1
ISIC_5642824.jpg,164.89794751994515,0.5853763253449528,7.3828515912504935,1.863364333816388,26.136114832699775,0.06265314850392457,1
ISIC_5667461.jpg,251.6915813302469,0.7998787944807553,6.06474228672055,1.6329778919293543,37.63039766958684,0.07242195471914722,1
ISIC_5673518.jpg,61.229899687229086,0.7305766739288307,8.227484703631768,1.3560409461529102,20.022802387011936,0.05630086396881889,1
ISIC_5714411.jpg,68.24771004080934,0.8469306027596223,2.29922705904623,2.5364444799733996,117.08436802768698,0.20233113182173318,1
ISIC_5732201.jpg,131.3710568967764,0.7130575018155411,3.182332640068301,2.781348701571683,77.08189336582521,0.11664605614825749,1
ISIC_5733748.jpg,287.1100734340741,0.5423194625998548,3.4768640265914543,2.8602247645901095,45.286991544082646,0.08382722646543164,1
ISIC_5747486.jpg,184.63520087654322,0.7954766739288307,5.684049530173774,1.7994102533922485,45.490788021472355,0.09953068163740286,1
ISIC_5747942.jpg,95.73729142913578,0.7384027015250544,7.555023765902641,1.9944661055079418,35.53285475510654,0.07869974608124329,1
ISIC_5758388.jpg,163.2653554071879,0.5060097893972404,2.023932297414391,3.727675381253036,101.36077735957493,0.20509992878751468,1
ISIC_5797062.jpg,199.7036143438134,0.7175000435729847,6.22808705673094,1.8317924687552165,37.79038868678188,0.08252128938198632,1
ISIC_5829938.jpg,58.83702961377227,0.5093957153231663,4.8096149571021956,3.0422049912740388,43.50122471966715,0.09260921846805623,1
ISIC_5867911.jpg,201.15183221913583,0.6949478431372549,1.800557926157958,2.556906049574477,105.72296235078208,0.2248054339094885,1
ISIC_5868291.jpg,97.13820365595335,0.655864938271605,4.421280471103832,2.858174623136193,55.8964007382973,0.1204007641258487,1
ISIC_5869480.jpg,789.7046484279289,0.7280221060275962,1.7738897979831099,3.5333767543247645,119.35649245595688,0.2387906533881705,1
ISIC_5891384.jpg,256.66735915488346,0.6642377632534495,2.7151498351022054,1.8117829078196497,57.303458581153635,0.13651855050483885,1
ISIC_5922588.jpg,153.14654721578876,0.8239709513435004,4.403025431635291,2.032478024528966,65.75957530967636,0.11617000588688271,1
ISIC_5983500.jpg,72.4976830217284,0.7572468264342774,3.2709218590484084,2.7328401165411873,68.55688936536488,0.11540486742209485,1
ISIC_6017985.jpg,703.2745297685049,0.7875527523602033,1.9502266719508978,3.7794757794201073,129.49381583863078,0.2296843692662687,1
ISIC_6024335.jpg,151.04319409052124,0.7579134495279594,3.365031474505756,2.8092275543902656,94.45676647300377,0.19921391190657894,1
ISIC_6056121.jpg,67.37172555961591,0.847555700798838,4.979593006358742,2.597592485373467,68.49415337981773,0.12659025147403008,1
ISIC_6089318.jpg,142.773252885583,0.799606506899056,4.019211566775078,2.0903243400455827,68.77172028656014,0.14618249710661693,1
ISIC_6110888.jpg,51.369094188422494,0.7068958605664488,3.9228956501054735,2.6628891519297335,58.45151504966357,0.12903320934811788,1
ISIC_6124481.jpg,115.11774177447188,0.6166055918663762,3.7603619542322098,2.3402339775576118,50.648044304680894,0.09420024668939742,1
ISIC_6125652.jpg,51.467782357805206,0.8548041684822077,7.763069821805687,1.864801332523454,28.39724865713393,0.06881532837087564,1
ISIC_6220625.jpg,43.867247728052135,0.7570636310820625,15.76420404973409,1.5695934737903745,15.327216780361454,0.03265826717693446,1
ISIC_6228963.jpg,95.58839961282582,0.8251380101670297,6.044861669471647,2.0102022977542786,47.70628622698959,0.09840867620401392,1
ISIC_6248008.jpg,71.54544369772287,0.8236305591866375,7.122399695248569,1.9140113165877435,39.682611248291835,0.09423437989150954,1
ISIC_6251753.jpg,62.84831080246913,0.6908976615831518,5.255469869919341,2.733872428968529,43.17445949823008,0.07561585528025525,1
ISIC_6255113.jpg,461.64947027126203,0.6855212055192448,15.08296550782681,1.265829129304073,12.201271184375486,0.03594593833081541,1
ISIC_6269166.jpg,83.27779163389573,0.6100030355846042,7.088522304002337,1.9141458518849903,25.78594716422191,0.058047063541072134,1
ISIC_6278273.jpg,40.95893581825789,0.5351485112563544,2.420754643650022,2.598587768200332,67.4288924958496,0.1465502898653892,1
ISIC_6285925.jpg,52.37478511098766,0.8323671895424837,20.452709220710194,1.8432639161456295,16.789426643622335,0.039845648164862975,1
ISIC_6303107.jpg,220.4408894977229,0.5989200435729847,3.5349079138786084,2.908977721430006,50.92470700376504,0.08698517552827177,1
ISIC_6313487.jpg,239.51849004629628,0.7191538416848221,5.592699813576223,2.0902155184463083,50.81929191247596,0.10841755470957104,1
ISIC_6348638.jpg,31.66455369788752,0.6812577342047931,8.481372915397444,2.1995645769388488,32.95496233840437,0.04958388700821763,1
ISIC_6352565.jpg,297.5506402913442,0.8715344226579521,7.108655579662659,1.853783234516976,41.16089755757443,0.08895181250848898,1
ISIC_6355353.jpg,9.818029214320987,0.8738946840958606,5.583357921209592,2.632529845094145,62.45684195029952,0.11593411993040519,1
ISIC_6392461.jpg,173.1480664203566,0.6497439651416123,3.4763208028833783,2.666256076540119,68.93370940906851,0.10490827707429287,1
ISIC_6398283.jpg,68.26626884998626,0.8219613798111837,7.617746165887197,1.6660221138081481,34.408443578123325,0.08122187056718676,1
ISIC_6398669.jpg,37.06617810019203,0.8153317792302106,6.3176972315060995,2.0677094852549422,48.1845950630545,0.09929796231532867,1
ISIC_6404049.jpg,532.7641940887654,0.5918283224400871,2.1884805280348107,2.614385210936517,71.47970222346031,0.14203006978701052,1
ISIC_6450034.jpg,366.27671541331966,0.7917133188090051,2.642006867166463,2.3608677406682985,88.60825646174487,0.1557682066786832,1
ISIC_6496251.jpg,260.2829311248834,0.8061691938997821,6.249625445005712,2.0342555927922703,46.34698145309079,0.10499779715105918,1
ISIC_6496370.jpg,81.42630409788754,0.8334071604938272,10.092905655924815,1.7101046082079225,28.18035964718368,0.06500014639191809,1
ISIC_6509682.jpg,76.90408869788753,0.7016750472040668,3.683249746245253,3.747870828655975,78.11431878217991,0.15639088344020743,1
ISIC_6512653.jpg,104.42060566891635,0.6913808859840233,2.4670493430554954,3.09082526288812,66.10765611389465,0.10610416524981098,1
ISIC_6516710.jpg,53.06534442138547,0.7366741757443719,6.902030502858678,2.7650886232776997,41.91573582419339,0.08278335532820459,1
ISIC_6526489.jpg,40.72386050851851,0.7862726942628904,3.829981708923267,3.3729697702465753,75.95947341351022,0.12375490319693816,1
ISIC_6535558.jpg,213.33842303965707,0.6937130283224401,1.0615888041516932,4.219086025257242,139.9284319343067,0.2338037707498861,1
ISIC_6539127.jpg,199.50227941640608,0.9146256499636891,9.504958232007354,1.9059499907570356,35.3036483322243,0.07426733864878461,1
ISIC_6541615.jpg,314.99536122358035,0.7082728976034858,5.089624934615408,1.6497754770455109,39.76894628213893,0.08497562714760948,1
ISIC_6555290.jpg,256.8835118156242,0.650316223674655,3.9842862264048837,1.5937100677734164,44.18810979745837,0.10782866089589231,1
ISIC_6561111.jpg,169.02649845595332,0.8098879302832244,6.331592304900157,1.803315276816812,41.26341883605244,0.09643545008871639,1
ISIC_6581411.jpg,231.0826666104801,0.6560828612926652,5.393895931218815,1.9483990046507025,40.58081128407204,0.09486607822223758,1
ISIC_6584579.jpg,297.5506402913442,0.8715344226579521,7.108655579662659,1.853783234516976,41.16089755757443,0.08895181250848898,1
ISIC_6613150.jpg,92.89932912920438,0.7992098184458969,5.72063485004514,1.9942171133758806,47.94435532312943,0.11070517862368534,1
ISIC_6620377.jpg,1140.7184828285187,0.9051158315177924,1.7741772261696591,3.558223336728034,142.8245631724512,0.17505904048358117,1
ISIC_6625102.jpg,75.1184002191358,0.7967481481481481,6.892690093254261,1.4681932592820854,32.801750591115734,0.06138825489809167,1
ISIC_6634951.jpg,122.27449084432098,0.6916323747276689,4.274025694510343,2.521675850893923,58.04457170481113,0.08642897030946518,1
ISIC_6671773.jpg,156.76899871932784,0.7237341176470589,5.161441203608968,2.319551613958159,54.12889407784701,0.12357608708809814,1
ISIC_6688417.jpg,73.51427798469138,0.7886657225853304,7.548291238747658,2.087163681897804,42.667534513748194,0.091551112404708,1
ISIC_6692344.jpg,97.09898085913576,0.8416747857661583,1.8952322976356364,3.4759194239996782,99.92570206673088,0.11074957106310174,1
ISIC_6695831.jpg,94.62228157887515,0.3756278721859114,1.4710563990679209,2.2815087527378,39.01696822596179,0.0869390097864543,1
ISIC_6713432.jpg,116.86705551702332,0.8005847930283224,3.7678525883336396,2.975565244032569,69.912294529597,0.14047929757267033,1
ISIC_6714082.jpg,235.33006667543214,0.8515548002904866,1.7873631619439336,3.3948636194660176,146.81037833351684,0.19034109845955544,1
ISIC_6767569.jpg,77.04418758286694,0.6479595352214961,3.981895812281396,1.6640149661885466,42.32442635086562,0.10094808124678216,1
ISIC_6784593.jpg,101.29404937414266,0.7077223384168483,6.800122424918726,2.3538300769359615,43.80126394231715,0.09345143901382513,1
ISIC_6785680.jpg,73.1865690521262,0.7164224546114741,5.433169728705527,1.7133408598565507,33.10351551514272,0.06484857433865056,1
ISIC_6786198.jpg,79.75844744130313,0.779585984023239,3.9798235695256166,2.5886215823259917,69.10283879166613,0.12646489639782374,1
ISIC_6809586.jpg,296.06937537765435,0.7528770079883805,7.147837640637224,2.113069431904171,42.32652176454448,0.09590179479055456,1
ISIC_6829008.jpg,158.7353348172291,0.5741171822803196,2.675106982483328,2.4034481038506903,58.035093549257525,0.12572301606628933,1
ISIC_6841294.jpg,88.79230197333334,0.6217003776325345,1.9846901327280682,4.1279648643445555,112.2931220600853,0.22912869887893772,1
ISIC_6851408.jpg,128.86093845320988,0.8049639360929557,4.054307790505466,2.1528787132766016,63.96000659288556,0.13404954662357418,1
ISIC_6904082.jpg,1038.048237860617,0.8126984604212055,3.1377580979425623,1.6610844424143003,63.471849267582556,0.14596577409720868,1
ISIC_6927840.jpg,55.62128353135802,0.7541192447349311,9.949164664591978,1.8100051048091093,27.916959422689075,0.06946751110619208,1
ISIC_6931277.jpg,57.27736233475994,0.8839816993464052,5.400655401409585,2.9569112825903137,63.00025450458516,0.11686002721349222,1
ISIC_6945634.jpg,37.00734620883402,0.8352722585330429,4.248343554436061,3.305017795129003,89.75057167832293,0.10901042311464701,1
ISIC_6961503.jpg,114.16166402950614,0.7998435148874364,7.670703137389733,2.033333799053491,39.631362770262,0.09031081543321692,1
ISIC_6966001.jpg,72.30197707148149,0.7412558750907771,2.621530507706162,3.2365012438605802,88.05504445794513,0.16470846809872497,1
ISIC_6971606.jpg,153.1677050902469,0.7515521423384168,5.685589469303862,3.0136113790258463,63.36308724176526,0.09814910377705294,1
ISIC_6982386.jpg,368.13218347632363,0.737700639070443,3.385660174765176,2.9409436307200214,86.89316903049041,0.12154623557211981,1
ISIC_7035246.jpg,107.97383960876539,0.5671705591866376,2.387296393073366,3.566658256328499,92.83760605389287,0.18828491568023248,1
ISIC_7070020.jpg,36.62286165320988,0.7097121423384168,4.639858335685608,2.2072704568857033,38.97815466427224,0.08164208769404566,1
ISIC_7074321.jpg,70.03338022209878,0.7858164415395787,3.5756046576863945,2.5251907345625484,78.59424843733888,0.17134294209857745,1
ISIC_7075474.jpg,104.6395235336077,0.6618708641975309,7.596281445708523,1.9752425006212273,32.81475043377071,0.0714617841614993,1
ISIC_7079349.jpg,86.7882870648011,0.7963548293391431,3.9219556265024598,2.0601485184637722,68.39633408295057,0.13766674580250465,1
ISIC_7084553.jpg,1803.7440919328394,0.772240639070443,3.4020435867819256,2.1797911196930895,71.57971012712845,0.1481939228804117,1
ISIC_7098141.jpg,55.56668355246915,0.7468748002904866,3.2566660232020053,2.8122957300505798,73.73926225452801,0.14393232110248885,1
ISIC_7100755.jpg,84.4918679506173,0.7576572984749456,8.67643888982301,1.9182500554465625,31.55732331350913,0.07374595458599997,1
ISIC_7101732.jpg,155.87134334582993,0.6480714742193173,6.1296737626320335,3.007152437651226,53.89958788983968,0.10838600511135184,1
ISIC_7130929.jpg,60.95253355060357,0.7670261437908497,6.999205846861278,1.869161090477028,37.81593608894792,0.08760033883690464,1
ISIC_7181296.jpg,316.764664194225,0.741800522875817,5.849558381859785,1.788700065947738,38.56888259224482,0.08925053422657453,1
ISIC_7183212.jpg,380.4878114783949,0.7422348583877996,7.631074814495016,1.9060207640265787,32.33625503307903,0.07614068044826675,1
ISIC_7190243.jpg,88.06880071208506,0.8118402614379084,3.061002730833539,3.92542531905681,95.21715887173795,0.14244933495479034,1
ISIC_7205745.jpg,80.98079719175584,0.8454256063907044,9.827451335311993,1.6446363910019217,28.3372502641204,0.06383931019368605,1
ISIC_7218890.jpg,98.66061642138543,0.6764251561365286,4.834610642278472,2.670332485301298,46.991819229708625,0.08988899649134875,1
ISIC_7233368.jpg,88.8895673494513,0.7166225127087873,1.756680405478707,3.204258543005476,131.82589233459947,0.27139386218813855,1
ISIC_7242384.jpg,2125.2328178139783,0.5634737109658678,2.0865097491702156,2.8931256209004417,86.62789751281062,0.1609992436314203,1
ISIC_7253401.jpg,187.0477426765295,0.6595262309368192,3.6150493371128998,3.5117675376372084,80.48578962867701,0.10030359088078027,1
ISIC_7261174.jpg,134.57543321469134,0.5574484822076978,4.13195075881094,2.5422903518822166,48.308419765986514,0.05018608672567337,1
ISIC_7265673.jpg,395.94739869580246,0.7017172839506173,6.8938545487824685,1.7310884542053697,34.94516132160609,0.07887667043073109,1
ISIC_7287303.jpg,70.19333277360768,0.6168281771968046,1.5066440551603861,4.272526287244781,104.58618381120021,0.16696826605381376,1
ISIC_7293518.jpg,203.60198643484225,0.719536107480029,4.33772339565864,2.4162022558659833,62.10549873435242,0.08652378530260789,1
ISIC_7295035.jpg,174.38893570303156,0.6471635003631082,2.083569481563024,3.2063853564479765,101.1649644338597,0.19802289031343612,1
ISIC_7312977.jpg,383.85577612311386,0.6744858823529412,2.8293252825227815,3.1984232540140844,91.47279593640344,0.15231924391170434,1
ISIC_7320371.jpg,229.3291320294102,0.7303970660856935,4.143572595051786,2.044058701494042,53.64209674800779,0.1187645917903031,1
ISIC_7327423.jpg,93.81199590451304,0.5952104575163399,6.866363797841988,1.659192939927769,25.964371349381935,0.042938288555304516,1
ISIC_7346228.jpg,40.2297887578052,0.8354580537400145,2.6683909415866487,2.4240753958612076,88.40831005050309,0.15972580889003674,1
ISIC_7346739.jpg,50.113906554060364,0.5077323021060276,2.65492927428397,1.8287750666250933,44.30561855977946,0.10405887934569419,1
ISIC_7349772.jpg,1160.3345608296158,0.7956414814814815,2.0848165937518774,3.524352176053744,123.86115699518977,0.2136242496461786,1
ISIC_7371801.jpg,33.27307624246912,0.6658251997095134,5.096380555990797,2.828993399121547,40.306519496200735,0.07919681577675276,1
ISIC_7372719.jpg,269.9001645264061,0.6270288017429193,5.85472947527207,1.6411807003299563,31.799586372598753,0.07774215524179118,1
ISIC_7410175.jpg,97.57494077580245,0.7949675962236746,3.8642107148512608,1.3195355227415477,46.20696669556028,0.10676137016687313,1
ISIC_7460887.jpg,147.30042149957472,0.4682930283224401,1.2801812362140552,2.534451014964264,97.99317601737742,0.20981966406104569,1
ISIC_7466678.jpg,112.56968198506172,0.5713520261437909,2.465503127145229,2.9216147805075687,69.69728206662965,0.12089687101264476,1
ISIC_7489564.jpg,309.99896529492446,0.7805736964415395,4.430355463557,2.0047343848291077,55.931084684018316,0.1323765727894198,1
ISIC_7503950.jpg,526.6079313772841,0.8269656063907044,3.9668502739457248,2.2733509023784655,67.95444639761863,0.1257460738460399,1
ISIC_7520843.jpg,364.61431843444444,0.7063866085693536,3.7484115204836876,1.8297932589516992,56.31732120205797,0.09211628806740119,1
ISIC_7536704.jpg,78.26425736185185,0.6886420479302832,2.2748043705925447,3.779601112465943,96.63017121642397,0.18059275498628888,1
ISIC_7546219.jpg,166.5020072054321,0.7372699491648511,3.293865827075305,2.102808186747338,70.82163711358194,0.1583358946836159,1
ISIC_7577395.jpg,55.712756072414265,0.809704241103849,10.003909468471651,2.137851613083087,34.87736728782639,0.0758326377054881,1
ISIC_7612992.jpg,218.88626275060352,0.7086736819172114,1.553709007473762,2.936344005973311,112.06334133596508,0.18207446412299272,1
ISIC_7614221.jpg,109.67674688043896,0.49366936819172114,7.949725448845583,1.7331920919693486,18.95128376805772,0.04235842206964408,1
ISIC_7626256.jpg,133.41020232525375,0.838876339869281,4.100296793019341,2.9519011622622924,86.6257832843634,0.13871314598903825,1
ISIC_7658729.jpg,73.59813638320988,0.6538242846768337,6.071584497816954,1.8656937209261437,37.441624977555946,0.0821052809729855,1
ISIC_7662910.jpg,146.8956956018518,0.804094829339143,5.80086921083747,1.9634012413796902,44.97101754404164,0.10512257269735316,1
ISIC_7680948.jpg,84.00709258950617,0.7623577923021061,3.1036741515029065,3.3474274732964755,78.12012986255345,0.13877595391714417,1
ISIC_7693611.jpg,221.04467780574768,0.8184042120551924,3.430119972464001,1.8219446924054723,64.85111916610693,0.11801843090388311,1
ISIC_7724762.jpg,89.58537780543212,0.7609848366013071,3.477623134937766,1.9365087518492103,65.10148622129046,0.15070367051156627,1
ISIC_7730937.jpg,71.939299463155,0.6594540159767611,4.8525280369678185,1.7889266599269233,39.08734451597421,0.0976812787054799,1
ISIC_7748311.jpg,407.5728517091357,0.6757625417574438,5.371809272796424,2.03371623397412,39.31743966514186,0.05526558306556132,1
ISIC_7763042.jpg,314.93394427949244,0.8533700508351488,6.311964381428842,1.8531496398495688,43.69087169081894,0.08837692583134348,1
ISIC_7785723.jpg,144.38738740410153,0.5342988961510531,6.825399243432929,2.018725605702384,28.71062720962233,0.03630233836612903,1
ISIC_7788318.jpg,124.41611497854596,0.6652157734204792,1.9743403582235042,2.5646425162854687,110.76825677433087,0.24756273332539963,1
ISIC_7800750.jpg,122.97967342978052,0.4644871169208424,6.914071984948044,1.857767861700066,21.66469143091028,0.05115755399487316,1
ISIC_7844825.jpg,185.1729912087654,0.5883320842411038,5.647767056157817,3.275046821351561,42.04980795783574,0.08837052610976041,1
ISIC_7872595.jpg,103.67762932098765,0.8732594190268701,3.189859568399587,3.109140834614268,107.20732318690834,0.10745800365412883,1
ISIC_7897925.jpg,91.28213227817555,0.5111506608569354,2.0323836956667756,3.9351888648780675,76.27717201761934,0.13422529639049222,1
ISIC_7914631.jpg,69.24183457097396,0.699979593318809,3.4838331024113445,3.560327814705627,78.60528583285456,0.11600757651990484,1
ISIC_7927525.jpg,76.6226560345542,0.7925917356572258,5.003184831766689,2.067932933056707,56.412974309704566,0.11080264378112926,1
ISIC_7936755.jpg,240.79362683389576,0.8778828467683369,6.924863657185111,1.8739622412777188,39.49099566934157,0.08498148345348953,1
ISIC_7939816.jpg,84.954941244321,0.5772890341321714,9.203126584859756,1.4098972679747621,17.56363219227177,0.036372824535359366,1
ISIC_7948290.jpg,123.45901230550068,0.7382137109658679,6.301965821207052,1.613760594557315,31.431776701985214,0.05569974379240142,1
ISIC_7960321.jpg,110.28091832488339,0.8036475526506899,6.143746962576098,1.9549327574176165,44.64816217941029,0.09517638948196154,1
ISIC_7960869.jpg,110.01574070913581,0.5600175453885258,8.372087931159713,1.9149967758306412,17.947152577684818,0.04214587511050763,1
ISIC_7961365.jpg,95.05883619336076,0.6258842701525055,3.152578422350942,3.2656960846073146,73.89645190393757,0.07712320270589548,1
ISIC_7973598.jpg,122.30645891681755,0.6688912708787219,3.9461933718279987,2.3407217880831106,57.84359094713706,0.08304643056855675,1
ISIC_8002875.jpg,97.50714805508916,0.7435244734931009,4.347371827852919,2.361104847016027,61.81101959769266,0.13798242328290197,1
ISIC_8006211.jpg,200.39967044998625,0.7837743500363108,4.106752450521101,2.4708265871338866,76.47933774699024,0.16306959390405534,1
ISIC_8009536.jpg,45.19134733146777,0.6664856209150327,7.2467978644801185,2.080695141925076,30.745371227609212,0.0728039963296954,1
ISIC_8011058.jpg,331.530874049369,0.6624590268700072,2.667188433668876,2.986668429928074,80.09245151868845,0.06979627196193726,1
ISIC_8027899.jpg,693.2585672259944,0.87220406681191,2.081953098511164,4.118334585910372,148.9653679773813,0.250683892542448,1
ISIC_8040024.jpg,111.43410982666667,0.721922672476398,4.276200183513074,3.2641959511696683,67.26155693970422,0.10603472744491017,1
ISIC_8052769.jpg,1027.7957726211112,0.7578402033405955,4.069350678564748,2.2536854683680834,66.93652098235289,0.1453332189036566,1
ISIC_8066110.jpg,85.01351447669408,0.7241297458242556,2.5273936595377484,3.117578471016767,76.72602615534632,0.0677554861115731,1
ISIC_8068693.jpg,765.0235913332099,0.49621000726216413,1.0789344292584333,4.030522066031125,110.18334784961749,0.22696781158639476,1
ISIC_8106899.jpg,38.71447109562415,0.8140414669571532,7.302574619488071,1.959291267896841,40.54875891659427,0.08650798188843317,1
ISIC_8124900.jpg,230.28572795883406,0.6975117792302106,3.64678828549689,2.65580009009923,68.50454990934551,0.11456318687930653,1
ISIC_8133350.jpg,984.3165579341425,0.7632771387073348,4.102483338459493,2.130537437745211,62.53909648068692,0.13541258734641728,1
ISIC_8145348.jpg,116.91660844987656,0.6660970660856935,5.038952547036659,1.7647369737422143,38.31230374742728,0.09066156723197112,1
ISIC_8157654.jpg,196.88092186829903,0.8046790559186637,5.892130706315158,1.7233415643401542,43.29098576940862,0.10691083580106915,1
ISIC_8167374.jpg,146.54734783702332,0.7046635148874365,4.610788635199342,2.441452840183644,58.3588215778058,0.08483668839804948,1
ISIC_8175453.jpg,149.4388079637723,0.7349794045025418,2.132345913865991,2.3819099885201194,102.8766325755358,0.20518366329843554,1
ISIC_8194835.jpg,38.121449568710574,0.781077211328976,5.182677598463806,1.5490996681317992,43.32409185911857,0.09251163723092011,1
ISIC_8207974.jpg,1052.9623915544448,0.8950113580246915,4.259639492515896,2.0944218555736325,63.64468502918862,0.1163001348313276,1
ISIC_8230318.jpg,135.9113478476818,0.7036985620915032,5.562242520556435,2.3481631780005174,46.9205202798952,0.10253243990048187,1
ISIC_8231999.jpg,19.774092143196157,0.6436678431372549,11.769534366204365,1.9686124376261953,19.671397141344542,0.045153252175652164,1
ISIC_8249854.jpg,254.22456740508912,0.7423385766158315,6.261719411760202,2.083761984840253,44.385454986304666,0.10193511042940319,1
ISIC_8252406.jpg,52.594392476488345,0.535094306463326,2.760854358427761,2.717042717361178,59.81016679058684,0.12916096542142014,1
ISIC_8263489.jpg,155.22936050611798,0.6033584458968773,5.037689134223648,1.6691438366679603,36.486358120964866,0.08530049185753674,1
ISIC_8281208.jpg,79.26001463654322,0.6510507625272332,11.113083838299872,1.5321344442277318,19.026994734251446,0.038959532738638496,1
ISIC_8306697.jpg,2554.9830450577642,0.5753175889615105,1.6999191842360362,2.5249267741641943,109.37861721936082,0.24459767239689884,1
ISIC_8325226.jpg,58.77540694648833,0.677123369644154,7.0040759210433325,1.7918899348092172,29.617262300300382,0.039333094049269345,1
ISIC_8355446.jpg,208.71287379257882,0.938632854030501,8.695727909697426,1.4885892552762696,32.0888269889536,0.06834671194552276,1
ISIC_8379956.jpg,127.1376573624691,0.8146275526506899,7.086954440742808,1.8310363106331191,36.76622121142583,0.08784561953691629,1
ISIC_8381531.jpg,115.22830672148147,0.7664025708061002,5.229262989212444,1.8439804849346089,41.85686077949238,0.09249028015419822,1
ISIC_8397285.jpg,40.47269714369,0.6741664197530863,8.85741382894997,1.8752221951770576,27.655785373398146,0.05883719875402314,1
ISIC_8414609.jpg,72.4827757760768,0.4196505010893246,1.1814682772341132,2.7831780556321895,99.05027727720375,0.19758270980434545,1
ISIC_8417873.jpg,110.89804949562414,0.6979816557734204,6.813589490295262,1.7299714945436304,32.07473459016002,0.07558942528642683,1
ISIC_8437493.jpg,116.45863300377232,0.6766425272331155,6.824036903691897,2.4713049923638506,42.14483529944968,0.08736322939690205,1
ISIC_8450656.jpg,59.80757753876542,0.7706675090777051,3.0410640530886828,2.867417531023479,104.8400501889196,0.21985201231545215,1
ISIC_8483382.jpg,401.6654779667353,0.8390822803195352,3.8269666976468706,2.8819419790166028,93.10469747991577,0.1535146846617426,1
ISIC_8485716.jpg,60.572109022098765,0.5628127233115469,0.5834908783871889,4.3057340839869065,144.9996653153413,0.26893288918366565,1
ISIC_8493108.jpg,75.27357474759945,0.6411827160493827,3.95585209991936,3.331349284280751,60.88340475577118,0.09114229420870344,1
ISIC_8496052.jpg,262.58796186469135,0.7555889324618736,3.897151606207484,2.117196209985087,65.50678253621311,0.15119058934664367,1
ISIC_8497457.jpg,63.734355193950606,0.8120741612200435,6.888245158010057,1.6969468304180022,38.26831330046127,0.08128496705183826,1
ISIC_8509577.jpg,1110.3006953375993,0.7611022222222222,3.4528546828518207,2.1520309251898,71.60290116948129,0.15309957647016792,1
ISIC_8521610.jpg,918.510153860686,0.7680653449527959,3.481231366262725,2.1560983750858904,72.16131390878864,0.1448407144837507,1
ISIC_8527092.jpg,157.1275277807407,0.8091500653594772,6.116521775758631,1.9460348442394022,44.311624893704135,0.101848629337406,1
ISIC_8545949.jpg,133.23685449432102,0.6441581118373275,3.0221824939290878,3.9556285187831715,98.59842034322085,0.1989218153840935,1
ISIC_8564474.jpg,35.26167774484225,0.708320929557008,3.297510225877922,2.693288446621346,58.79767333712202,0.1257766046601355,1
ISIC_8566006.jpg,101.14354160459534,0.8052940885984023,5.496348418301964,2.0765464122342228,51.02250671485103,0.10822459584014645,1
ISIC_8609756.jpg,185.1699222090398,0.4341675526506899,2.9272430877459437,3.5373922367853496,59.73028213601106,0.044878226165620934,1
ISIC_8615491.jpg,82.60555030780519,0.794198721859114,5.065970150072506,2.105243522544379,50.828056830697406,0.11783069879665295,1
ISIC_8617277.jpg,73.06442586434842,0.6132180827886711,5.04187854565786,2.650663667365335,42.61609366298511,0.08859109904929642,1
ISIC_8621568.jpg,88.36355496208506,0.743782091503268,3.1574747513398935,2.17293498596627,64.83998480283823,0.13259117416470814,1
ISIC_8672524.jpg,110.86255161644719,0.6038195206971677,6.610940702900903,1.9903125517710898,30.74936117043893,0.037094679300143533,1
ISIC_8677053.jpg,50.25926043784637,0.7978042701525054,6.402633360679818,2.032533749430509,45.37146840048342,0.09433695572954588,1
ISIC_8692218.jpg,110.87159241037035,0.8096254901960784,6.96113359944706,1.8985472111640715,39.4445365589435,0.09392026485501395,1
ISIC_8702237.jpg,46.08307277278465,0.7616281917211329,5.28343520327298,2.8944063549725088,57.30237119277133,0.09029193326993788,1
ISIC_8724944.jpg,114.37489108969821,0.792901220043573,2.267019970440813,2.4263466132385743,85.54666295547801,0.17849292985048834,1
ISIC_8732757.jpg,71.45714632591219,0.5938908061002178,2.5378330799637143,3.8869069771526314,86.87288627193978,0.12860465030675275,1
ISIC_8737794.jpg,324.76464543407405,0.6827100653594772,4.926776604843703,2.0140443774940833,45.36611897909994,0.09273299685608473,1
ISIC_8789051.jpg,88.71429088636489,0.5750474509803921,8.099671826743982,1.7117787633474943,21.500368978518978,0.05014406402402113,1
ISIC_8838753.jpg,60.89494738019204,0.8787461728395062,4.243425292874452,1.9729180245377818,74.18565609116953,0.15251151879526734,1
ISIC_8859274.jpg,106.08932467950618,0.8431262745098039,10.14837049515417,1.922616721865601,31.42824747524179,0.07469200591276606,1
ISIC_8866651.jpg,48.157307213155,0.5752660711692085,4.510095611801325,2.4515788120822712,34.900165350807214,0.07768686436255337,1
ISIC_8872158.jpg,92.51218636246912,0.7339280900508351,6.858369568684002,1.7715595202360792,33.55120171412358,0.08077559764262113,1
ISIC_8882374.jpg,58.28286986617284,0.6619092955700798,7.2249483755636845,1.807187254749131,30.796016517394662,0.06564073071976127,1
ISIC_8892236.jpg,679.7987092007683,0.8834183442265795,1.830649765720407,4.177742738306227,151.4882063377948,0.24283381088077863,1
ISIC_8922893.jpg,53.25137992360767,0.8037552795933188,3.5058685670203094,3.1970923303605083,76.75038040273083,0.10634951972846199,1
ISIC_8951909.jpg,57.16302035862825,0.6431923602033406,6.388075145725971,1.833506433146212,35.011331827400525,0.080605435185582,1
ISIC_8985109.jpg,122.4401443594513,0.7904867392883079,8.892225816003219,1.8760204289233522,32.31155195203593,0.06327512678434895,1
ISIC_9000234.jpg,47.775591636543226,0.764974538852578,4.270875830682489,3.116032161460603,70.86441027583956,0.08293919906432436,1
ISIC_9000824.jpg,36.19436159319617,0.6232378358750909,2.042444946156077,2.793962527635448,80.7900889866682,0.17631106731916096,1
ISIC_9001948.jpg,91.81141111076815,0.7781214088598403,2.567317720850682,3.6813272290239087,89.65549829888528,0.12774559994449852,1
ISIC_9012513.jpg,1970.1223580246915,0.7964419026870008,3.012564411071902,2.146322737043702,85.3836830645734,0.17857118489764187,1
ISIC_9022005.jpg,207.1041601303704,0.849423543936093,8.913757527135914,2.027594017255161,34.42885858731347,0.07499986681971521,1
ISIC_9038318.jpg,160.05076228691354,0.5380489469862019,3.98861276580343,2.1643997245036775,41.60689812726194,0.09562360349004471,1
ISIC_9048507.jpg,221.97965057580248,0.7941383732752361,5.902784965205107,1.8832318919009523,45.77268382029959,0.10341014061660762,1
ISIC_9052500.jpg,124.12900643681755,0.6988733042846769,6.501342862169995,2.7578501819274384,50.15009348134849,0.09777251336603095,1
ISIC_9053910.jpg,85.46424316839509,0.7609570225127088,5.20575197097474,1.6818664971364268,41.32050348642876,0.08413149473093927,1
ISIC_9124447.jpg,64.76339722222221,0.6797385185185185,4.200277071021595,2.040920679496488,51.430730762838536,0.12244930185178327,1
ISIC_9130157.jpg,240.1088422205624,0.8710512273057371,2.5151693339116314,2.5181804545814943,111.69249637714594,0.15353983945318905,1
ISIC_9164054.jpg,172.52730286002745,0.8733606100217866,2.757800935668279,2.6218144536937746,103.56132254507138,0.10116428261645258,1
ISIC_9174306.jpg,2778.343956043332,0.6846119825708061,1.5796191324118418,3.3325753973330214,131.1237473619456,0.24121991418320793,1
ISIC_9193127.jpg,42.902889523607676,0.7988499491648512,4.873443335471343,2.647864406112334,50.7160803920887,0.07199050879200816,1
ISIC_9199429.jpg,89.83161868224964,0.6628306172839507,5.454826069031789,1.9752076671055934,39.12103459664823,0.0853710154742398,1
ISIC_9210255.jpg,141.49219191654322,0.7242141902687,4.565525093407532,3.516413882039831,80.94245800527443,0.12857054596098752,1
ISIC_9228573.jpg,379.7964744437723,0.5379642556281772,6.020280647746086,2.1787425124594875,34.197841884570266,0.057630906510604374,1
ISIC_9268487.jpg,127.521102485583,0.5649904284676834,8.117651493480476,1.8700766069919692,24.081185490757335,0.03721420881602415,1
ISIC_9286292.jpg,115.17547099209878,0.5657688162672476,2.229861333145011,2.8135745873361975,70.68615205987409,0.14115872262812967,1
ISIC_9312164.jpg,333.875998281358,0.6551944952795934,4.21601492109995,2.4767801462023855,56.93505248231655,0.08570967718181402,1
ISIC_9317483.jpg,199.06942029953362,0.7464758896151054,3.386523597470177,1.942326946700536,63.99506378503892,0.14176792596371698,1
ISIC_9351516.jpg,77.68917755444443,0.7103034567901234,5.073864670770133,2.030079418087602,47.79278468665133,0.11317193732527765,1
ISIC_9367522.jpg,245.5412841260768,0.5914301525054466,2.1838091538932756,3.099792454904828,119.24760541311615,0.24406851770269233,1
ISIC_9402324.jpg,258.6972066890398,0.736059883805374,5.172344551584064,1.882901550791397,45.71362645797679,0.10221066417665015,1
ISIC_9509757.jpg,130.79535782666665,0.7572205519244735,6.687375789117538,1.73606379212423,32.98981427913557,0.07897266693627426,1
ISIC_9544832.jpg,369.59683819802467,0.7854625708061002,3.082314327375037,2.1150710290924772,80.43650779037344,0.15159032905976638,1
ISIC_9547725.jpg,160.82144724142663,0.7657393754538853,8.15813480191793,1.6881885096320088,28.964470337367857,0.07259451095688679,1
ISIC_9548821.jpg,568.8295668463649,0.7991371968046478,4.975072386156662,2.1780756848378346,55.787480106017526,0.1284961718743604,1
ISIC_9556334.jpg,244.5173238359259,0.6984125780682643,5.558288779025547,1.7545458781697938,36.898836786991666,0.09009230036692516,1
ISIC_9571842.jpg,69.0662767403978,0.6714526506899056,11.065381169201537,1.8785986754319333,22.767016050412366,0.05530669462778153,1
ISIC_9579703.jpg,198.737737001358,0.676219709513435,2.722446537328803,3.0014242343247903,74.84576492048859,0.15191836759336827,1
ISIC_9583969.jpg,89.35638148146772,0.6667844589687727,5.386193259670872,2.7189997933631784,47.72707619102671,0.10439441289976349,1
ISIC_9585329.jpg,142.3754474902469,0.6471809586056645,10.418984846122227,1.3364659019305078,14.87424464926437,0.03721916114988984,1
ISIC_9593940.jpg,466.2800970961728,0.8397919825708061,3.584478404778872,1.725319382330244,67.25483303821437,0.11619968553460779,1
ISIC_9596721.jpg,348.7038271168176,0.6979487726942629,5.726565749481634,1.8137696784905695,41.95324161255715,0.09092295157462689,1
ISIC_9612481.jpg,2238.574134719945,0.6952245606390705,2.3528291306205875,2.415756901840146,100.04090251495286,0.20766195058754963,1
ISIC_9626843.jpg,580.4844608710562,0.7092265359477125,3.478067390199518,1.789153826325108,49.352023431612565,0.08533258293482619,1
ISIC_9677503.jpg,664.0925105593278,0.8845160929557008,2.7166111159619466,3.4289001835521304,104.20067200205588,0.18037563212774332,1
ISIC_9685931.jpg,134.53630305941013,0.7635085112563544,6.214141484614346,2.6232805476149315,53.50673216117275,0.05752420028834559,1
ISIC_9754098.jpg,58.960589181015095,0.7823250835148874,5.080361540334259,2.0089261039220463,54.62044025325045,0.1185746661351913,1
ISIC_9770677.jpg,121.49503478352536,0.8015390994916485,5.929064669331289,1.9092871937707596,46.733162254273054,0.11322240919549205,1
ISIC_9785077.jpg,74.43156277728396,0.7361033405954974,4.908588117930607,2.2133787231434994,44.03788895010955,0.08695558851674405,1
ISIC_9821002.jpg,262.06882624,0.5490169498910675,5.048581611781856,1.5170190070429401,29.403213465833858,0.07759519259033802,1
ISIC_9828846.jpg,78.51195590364884,0.8978506463326071,5.448769501497035,1.7215601374119753,44.37168288607208,0.09764653629767112,1
ISIC_9863642.jpg,105.90595928224967,0.6795041394335513,3.2674072616958036,2.0089376565231367,62.819017226409755,0.15063284219425313,1
ISIC_9870885.jpg,188.43728601146776,0.7415182280319536,5.436467635428844,2.6735022116366784,50.21540243228323,0.07897058565000438,1
ISIC_9900191.jpg,140.54958711702332,0.7328246768336965,11.125266964592171,1.9647306358895111,25.57438464570842,0.0562572404357608,1
ISIC_9910791.jpg,149.12803067209876,0.7166132897603485,7.645208959566341,1.768493902728134,29.95037936939741,0.06826485898146734,1
ISIC_9955163.jpg,151.96271938743487,0.6009758460421206,2.904251718382405,2.1906545878093926,56.20355630060425,0.11875321876604975,1
ISIC_9963177.jpg,65.05329043060358,0.7618599273783588,4.342661411484345,2.4919576007682105,54.21408397948164,0.09603183616177559,1
ISIC_9967383.jpg,620.7388783285458,0.8274926652142338,5.325923703881602,1.963121611519989,46.85246554115561,0.10188150751499593,1
ISIC_9978107.jpg,319.00250222792863,0.6747469862018881,6.988713762086984,1.754395523662825,28.84509513837233,0.03824681731941086,1
ISIC_9998682.jpg,33.422473986282576,0.8101156281771967,6.563377029054361,2.2027808409417524,34.100850412527166,0.07793399992368585,1
